Group,Activity,VideoName,FrameCount
G1A,CTK,G1A-BP-CTK-R1-Brest-022.json,300
G1A,CTK,G1A-BP-CTK-R1-Brest-038.json,328
G1A,CTK,G1A-BP-CTK-R1-Brest-042.json,318
G1A,CTK,G1A-BP-CTK-R1-Brest-054.json,305
G1A,CTK,G1A-BP-CTK-R1-Brest-056.json,298
G1A,CTK,G1A-BP-CTK-R1-Brest-057.json,309
G1A,CTK,G1A-BP-CTK-R1-Brest-061.json,302
G1A,CTK,G1A-BP-CTK-R1-Brest-062.json,356
G1A,CTK,G1A-BP-CTK-R1-Brest-071.json,321
G1A,CTK,G1A-BP-CTK-R1-Brest-073.json,291
G1A,CTK,G1A-BP-CTK-R1-Brest-095.json,300
G1A,CTK,G1A-BP-CTK-R1-Brest-099.json,290
G1A,CTK,G1A-BP-CTK-R1-Brest-104.json,304
G1A,CTK,G1A-BP-CTK-R1-Brest-108.json,298
G1A,CTK,G1A-BP-CTK-R2-Brest-008.json,324
G1A,CTK,G1A-BP-CTK-R2-Brest-014.json,297
G1A,CTK,G1A-BP-CTK-R2-Brest-020.json,302
G1A,CTK,G1A-BP-CTK-R2-Brest-024.json,343
G1A,CTK,G1A-BP-CTK-R2-Brest-030.json,302
G1A,CTK,G1A-BP-CTK-R2-Brest-032.json,314
G1A,CTK,G1A-BP-CTK-R2-Brest-036.json,334
G1A,CTK,G1A-BP-CTK-R2-Brest-048.json,308
G1A,CTK,G1A-BP-CTK-R2-Brest-055.json,313
G1A,CTK,G1A-BP-CTK-R2-Brest-065.json,286
G1A,CTK,G1A-BP-CTK-R2-Brest-070.json,340
G1A,CTK,G1A-BP-CTK-R2-Brest-078.json,315
G1A,CTK,G1A-BP-CTK-R2-Brest-086.json,316
G1A,CTK,G1A-BP-CTK-R2-Brest-107.json,319
G1A,CTK,G1A-BP-CTK-R3-Brest-002.json,294
G1A,CTK,G1A-BP-CTK-R3-Brest-011.json,354
G1A,CTK,G1A-BP-CTK-R3-Brest-033.json,318
G1A,CTK,G1A-BP-CTK-R3-Brest-039.json,358
G1A,CTK,G1A-BP-CTK-R3-Brest-064.json,283
G1A,CTK,G1A-BP-CTK-R3-Brest-066.json,342
G1A,CTK,G1A-BP-CTK-R3-Brest-067.json,361
G1A,CTK,G1A-BP-CTK-R3-Brest-072.json,345
G1A,CTK,G1A-BP-CTK-R3-Brest-083.json,315
G1A,CTK,G1A-BP-CTK-R3-Brest-084.json,309
G1A,CTK,G1A-BP-CTK-R3-Brest-092.json,327
G1A,CTK,G1A-BP-CTK-R3-Brest-094.json,328
G1A,CTK,G1A-BP-CTK-R3-Brest-102.json,300
G1A,CTK,G1A-BP-CTK-R3-Brest-106.json,333
G1A,CTK,G1A-BP-CTK-R4-Roscoff-007.json,422
G1A,CTK,G1A-BP-CTK-R4-Roscoff-010.json,430
G1A,CTK,G1A-BP-CTK-R4-Roscoff-019.json,391
G1A,CTK,G1A-BP-CTK-R4-Roscoff-041.json,336
G1A,CTK,G1A-BP-CTK-R4-Roscoff-044.json,374
G1A,CTK,G1A-BP-CTK-R4-Roscoff-047.json,364
G1A,CTK,G1A-BP-CTK-R4-Roscoff-052.json,346
G1A,CTK,G1A-BP-CTK-R4-Roscoff-053.json,393
G1A,CTK,G1A-BP-CTK-R4-Roscoff-076.json,374
G1A,CTK,G1A-BP-CTK-R4-Roscoff-080.json,382
G1A,CTK,G1A-BP-CTK-R4-Roscoff-081.json,382
G1A,CTK,G1A-BP-CTK-R4-Roscoff-087.json,362
G1A,CTK,G1A-BP-CTK-R4-Roscoff-089.json,366
G1A,CTK,G1A-BP-CTK-R4-Roscoff-103.json,381
G1A,CTK,G1A-BP-CTK-R5-Roscoff-004.json,369
G1A,CTK,G1A-BP-CTK-R5-Roscoff-005.json,362
G1A,CTK,G1A-BP-CTK-R5-Roscoff-016.json,369
G1A,CTK,G1A-BP-CTK-R5-Roscoff-028.json,365
G1A,CTK,G1A-BP-CTK-R5-Roscoff-037.json,399
G1A,CTK,G1A-BP-CTK-R5-Roscoff-045.json,355
G1A,CTK,G1A-BP-CTK-R5-Roscoff-049.json,374
G1A,CTK,G1A-BP-CTK-R5-Roscoff-050.json,365
G1A,CTK,G1A-BP-CTK-R5-Roscoff-058.json,357
G1A,CTK,G1A-BP-CTK-R5-Roscoff-063.json,385
G1A,CTK,G1A-BP-CTK-R5-Roscoff-075.json,360
G1A,CTK,G1A-BP-CTK-R5-Roscoff-085.json,372
G1A,CTK,G1A-BP-CTK-R5-Roscoff-097.json,354
G1A,CTK,G1A-BP-CTK-R5-Roscoff-105.json,373
G1A,CTK,G1A-BP-CTK-R6-Roscoff-006.json,154
G1A,CTK,G1A-BP-CTK-R6-Roscoff-017.json,328
G1A,CTK,G1A-BP-CTK-R6-Roscoff-023.json,274
G1A,CTK,G1A-BP-CTK-R6-Roscoff-027.json,298
G1A,CTK,G1A-BP-CTK-R6-Roscoff-031.json,291
G1A,CTK,G1A-BP-CTK-R6-Roscoff-035.json,350
G1A,CTK,G1A-BP-CTK-R6-Roscoff-040.json,233
G1A,CTK,G1A-BP-CTK-R6-Roscoff-060.json,354
G1A,CTK,G1A-BP-CTK-R6-Roscoff-069.json,288
G1A,CTK,G1A-BP-CTK-R6-Roscoff-079.json,324
G1A,CTK,G1A-BP-CTK-R6-Roscoff-082.json,3
G1A,CTK,G1A-BP-CTK-R6-Roscoff-098.json,338
G1A,CTK,G1A-BP-CTK-R6-Roscoff-100.json,348
G1A,CTK,G1A-BP-CTK-R6-Roscoff-101.json,277
G1A,ELK,G1A-BP-ELK-R1-Brest-003.json,371
G1A,ELK,G1A-BP-ELK-R1-Brest-014.json,372
G1A,ELK,G1A-BP-ELK-R1-Brest-029.json,392
G1A,ELK,G1A-BP-ELK-R1-Brest-041.json,324
G1A,ELK,G1A-BP-ELK-R1-Brest-046.json,452
G1A,ELK,G1A-BP-ELK-R1-Brest-048.json,347
G1A,ELK,G1A-BP-ELK-R1-Brest-049.json,378
G1A,ELK,G1A-BP-ELK-R1-Brest-052.json,393
G1A,ELK,G1A-BP-ELK-R1-Brest-059.json,374
G1A,ELK,G1A-BP-ELK-R1-Brest-062.json,385
G1A,ELK,G1A-BP-ELK-R1-Brest-069.json,391
G1A,ELK,G1A-BP-ELK-R1-Brest-074.json,343
G1A,ELK,G1A-BP-ELK-R1-Brest-075.json,396
G1A,ELK,G1A-BP-ELK-R1-Brest-092.json,364
G1A,ELK,G1A-BP-ELK-R2-Brest-001.json,410
G1A,ELK,G1A-BP-ELK-R2-Brest-008.json,403
G1A,ELK,G1A-BP-ELK-R2-Brest-012.json,404
G1A,ELK,G1A-BP-ELK-R2-Brest-017.json,440
G1A,ELK,G1A-BP-ELK-R2-Brest-027.json,429
G1A,ELK,G1A-BP-ELK-R2-Brest-033.json,408
G1A,ELK,G1A-BP-ELK-R2-Brest-038.json,415
G1A,ELK,G1A-BP-ELK-R2-Brest-039.json,403
G1A,ELK,G1A-BP-ELK-R2-Brest-064.json,412
G1A,ELK,G1A-BP-ELK-R2-Brest-067.json,415
G1A,ELK,G1A-BP-ELK-R2-Brest-073.json,422
G1A,ELK,G1A-BP-ELK-R2-Brest-076.json,422
G1A,ELK,G1A-BP-ELK-R2-Brest-079.json,445
G1A,ELK,G1A-BP-ELK-R2-Brest-087.json,410
G1A,ELK,G1A-BP-ELK-R3-Brest-002.json,397
G1A,ELK,G1A-BP-ELK-R3-Brest-011.json,397
G1A,ELK,G1A-BP-ELK-R3-Brest-013.json,371
G1A,ELK,G1A-BP-ELK-R3-Brest-028.json,396
G1A,ELK,G1A-BP-ELK-R3-Brest-034.json,676
G1A,ELK,G1A-BP-ELK-R3-Brest-035.json,380
G1A,ELK,G1A-BP-ELK-R3-Brest-040.json,429
G1A,ELK,G1A-BP-ELK-R3-Brest-055.json,385
G1A,ELK,G1A-BP-ELK-R3-Brest-061.json,486
G1A,ELK,G1A-BP-ELK-R3-Brest-066.json,374
G1A,ELK,G1A-BP-ELK-R3-Brest-070.json,391
G1A,ELK,G1A-BP-ELK-R3-Brest-080.json,372
G1A,ELK,G1A-BP-ELK-R3-Brest-083.json,393
G1A,ELK,G1A-BP-ELK-R3-Brest-088.json,387
G1A,ELK,G1A-BP-ELK-R4-Roscoff-004.json,501
G1A,ELK,G1A-BP-ELK-R4-Roscoff-009.json,2
G1A,ELK,G1A-BP-ELK-R4-Roscoff-015.json,470
G1A,ELK,G1A-BP-ELK-R4-Roscoff-030.json,492
G1A,ELK,G1A-BP-ELK-R4-Roscoff-031.json,157
G1A,ELK,G1A-BP-ELK-R4-Roscoff-036.json,1
G1A,ELK,G1A-BP-ELK-R4-Roscoff-045.json,187
G1A,ELK,G1A-BP-ELK-R4-Roscoff-050.json,482
G1A,ELK,G1A-BP-ELK-R4-Roscoff-051.json,465
G1A,ELK,G1A-BP-ELK-R4-Roscoff-054.json,554
G1A,ELK,G1A-BP-ELK-R4-Roscoff-065.json,492
G1A,ELK,G1A-BP-ELK-R4-Roscoff-082.json,248
G1A,ELK,G1A-BP-ELK-R4-Roscoff-084.json,258
G1A,ELK,G1A-BP-ELK-R4-Roscoff-091.json,305
G1A,ELK,G1A-BP-ELK-R5-Roscoff-020.json,512
G1A,ELK,G1A-BP-ELK-R5-Roscoff-022.json,409
G1A,ELK,G1A-BP-ELK-R5-Roscoff-024.json,455
G1A,ELK,G1A-BP-ELK-R5-Roscoff-025.json,449
G1A,ELK,G1A-BP-ELK-R5-Roscoff-026.json,547
G1A,ELK,G1A-BP-ELK-R5-Roscoff-032.json,486
G1A,ELK,G1A-BP-ELK-R5-Roscoff-037.json,476
G1A,ELK,G1A-BP-ELK-R5-Roscoff-042.json,449
G1A,ELK,G1A-BP-ELK-R5-Roscoff-047.json,464
G1A,ELK,G1A-BP-ELK-R5-Roscoff-053.json,424
G1A,ELK,G1A-BP-ELK-R5-Roscoff-058.json,429
G1A,ELK,G1A-BP-ELK-R5-Roscoff-063.json,418
G1A,ELK,G1A-BP-ELK-R5-Roscoff-068.json,460
G1A,ELK,G1A-BP-ELK-R5-Roscoff-081.json,447
G1A,ELK,G1A-BP-ELK-R6-Roscoff-006.json,516
G1A,ELK,G1A-BP-ELK-R6-Roscoff-010.json,7
G1A,ELK,G1A-BP-ELK-R6-Roscoff-016.json,482
G1A,ELK,G1A-BP-ELK-R6-Roscoff-018.json,469
G1A,ELK,G1A-BP-ELK-R6-Roscoff-019.json,516
G1A,ELK,G1A-BP-ELK-R6-Roscoff-023.json,51
G1A,ELK,G1A-BP-ELK-R6-Roscoff-043.json,249
G1A,ELK,G1A-BP-ELK-R6-Roscoff-044.json,209
G1A,ELK,G1A-BP-ELK-R6-Roscoff-056.json,293
G1A,ELK,G1A-BP-ELK-R6-Roscoff-057.json,515
G1A,ELK,G1A-BP-ELK-R6-Roscoff-078.json,239
G1A,ELK,G1A-BP-ELK-R6-Roscoff-086.json,548
G1A,ELK,G1A-BP-ELK-R6-Roscoff-089.json,491
G1A,ELK,G1A-BP-ELK-R6-Roscoff-090.json,254
G1A,RTK,G1A-BP-RTK-R1-Brest-006.json,336
G1A,RTK,G1A-BP-RTK-R1-Brest-012.json,345
G1A,RTK,G1A-BP-RTK-R1-Brest-016.json,340
G1A,RTK,G1A-BP-RTK-R1-Brest-018.json,297
G1A,RTK,G1A-BP-RTK-R1-Brest-019.json,284
G1A,RTK,G1A-BP-RTK-R1-Brest-020.json,296
G1A,RTK,G1A-BP-RTK-R1-Brest-024.json,300
G1A,RTK,G1A-BP-RTK-R1-Brest-032.json,285
G1A,RTK,G1A-BP-RTK-R1-Brest-055.json,325
G1A,RTK,G1A-BP-RTK-R1-Brest-059.json,301
G1A,RTK,G1A-BP-RTK-R1-Brest-073.json,337
G1A,RTK,G1A-BP-RTK-R1-Brest-079.json,294
G1A,RTK,G1A-BP-RTK-R1-Brest-089.json,335
G1A,RTK,G1A-BP-RTK-R1-Brest-094.json,299
G1A,RTK,G1A-BP-RTK-R2-Brest-004.json,313
G1A,RTK,G1A-BP-RTK-R2-Brest-007.json,307
G1A,RTK,G1A-BP-RTK-R2-Brest-015.json,295
G1A,RTK,G1A-BP-RTK-R2-Brest-035.json,334
G1A,RTK,G1A-BP-RTK-R2-Brest-038.json,330
G1A,RTK,G1A-BP-RTK-R2-Brest-044.json,299
G1A,RTK,G1A-BP-RTK-R2-Brest-047.json,306
G1A,RTK,G1A-BP-RTK-R2-Brest-067.json,322
G1A,RTK,G1A-BP-RTK-R2-Brest-082.json,326
G1A,RTK,G1A-BP-RTK-R2-Brest-085.json,357
G1A,RTK,G1A-BP-RTK-R2-Brest-092.json,316
G1A,RTK,G1A-BP-RTK-R2-Brest-093.json,286
G1A,RTK,G1A-BP-RTK-R2-Brest-097.json,308
G1A,RTK,G1A-BP-RTK-R3-Brest-009.json,297
G1A,RTK,G1A-BP-RTK-R3-Brest-029.json,313
G1A,RTK,G1A-BP-RTK-R3-Brest-033.json,291
G1A,RTK,G1A-BP-RTK-R3-Brest-036.json,288
G1A,RTK,G1A-BP-RTK-R3-Brest-039.json,311
G1A,RTK,G1A-BP-RTK-R3-Brest-046.json,296
G1A,RTK,G1A-BP-RTK-R3-Brest-057.json,299
G1A,RTK,G1A-BP-RTK-R3-Brest-061.json,304
G1A,RTK,G1A-BP-RTK-R3-Brest-066.json,295
G1A,RTK,G1A-BP-RTK-R3-Brest-078.json,291
G1A,RTK,G1A-BP-RTK-R3-Brest-083.json,301
G1A,RTK,G1A-BP-RTK-R3-Brest-100.json,287
G1A,RTK,G1A-BP-RTK-R3-Brest-101.json,324
G1A,RTK,G1A-BP-RTK-R4-Roscoff-003.json,342
G1A,RTK,G1A-BP-RTK-R4-Roscoff-014.json,91
G1A,RTK,G1A-BP-RTK-R4-Roscoff-017.json,0
G1A,RTK,G1A-BP-RTK-R4-Roscoff-022.json,497
G1A,RTK,G1A-BP-RTK-R4-Roscoff-031.json,493
G1A,RTK,G1A-BP-RTK-R4-Roscoff-051.json,478
G1A,RTK,G1A-BP-RTK-R4-Roscoff-065.json,240
G1A,RTK,G1A-BP-RTK-R4-Roscoff-080.json,463
G1A,RTK,G1A-BP-RTK-R4-Roscoff-081.json,118
G1A,RTK,G1A-BP-RTK-R4-Roscoff-086.json,421
G1A,RTK,G1A-BP-RTK-R4-Roscoff-087.json,238
G1A,RTK,G1A-BP-RTK-R4-Roscoff-090.json,162
G1A,RTK,G1A-BP-RTK-R4-Roscoff-091.json,111
G1A,RTK,G1A-BP-RTK-R4-Roscoff-096.json,390
G1A,RTK,G1A-BP-RTK-R5-Roscoff-008.json,430
G1A,RTK,G1A-BP-RTK-R5-Roscoff-023.json,396
G1A,RTK,G1A-BP-RTK-R5-Roscoff-028.json,459
G1A,RTK,G1A-BP-RTK-R5-Roscoff-034.json,414
G1A,RTK,G1A-BP-RTK-R5-Roscoff-041.json,427
G1A,RTK,G1A-BP-RTK-R5-Roscoff-053.json,475
G1A,RTK,G1A-BP-RTK-R5-Roscoff-054.json,403
G1A,RTK,G1A-BP-RTK-R5-Roscoff-058.json,390
G1A,RTK,G1A-BP-RTK-R5-Roscoff-060.json,396
G1A,RTK,G1A-BP-RTK-R5-Roscoff-064.json,363
G1A,RTK,G1A-BP-RTK-R5-Roscoff-076.json,483
G1A,RTK,G1A-BP-RTK-R5-Roscoff-088.json,402
G1A,RTK,G1A-BP-RTK-R5-Roscoff-098.json,362
G1A,RTK,G1A-BP-RTK-R5-Roscoff-099.json,475
G1A,RTK,G1A-BP-RTK-R6-Roscoff-001.json,353
G1A,RTK,G1A-BP-RTK-R6-Roscoff-002.json,129
G1A,RTK,G1A-BP-RTK-R6-Roscoff-011.json,407
G1A,RTK,G1A-BP-RTK-R6-Roscoff-013.json,134
G1A,RTK,G1A-BP-RTK-R6-Roscoff-027.json,385
G1A,RTK,G1A-BP-RTK-R6-Roscoff-037.json,0
G1A,RTK,G1A-BP-RTK-R6-Roscoff-040.json,380
G1A,RTK,G1A-BP-RTK-R6-Roscoff-045.json,320
G1A,RTK,G1A-BP-RTK-R6-Roscoff-048.json,409
G1A,RTK,G1A-BP-RTK-R6-Roscoff-056.json,393
G1A,RTK,G1A-BP-RTK-R6-Roscoff-068.json,389
G1A,RTK,G1A-BP-RTK-R6-Roscoff-069.json,341
G1A,RTK,G1A-BP-RTK-R6-Roscoff-070.json,208
G1A,RTK,G1A-BP-RTK-R6-Roscoff-075.json,354
G2A,CTK,G2A-BP-CTK-S1-Brest-029.json,288
G2A,CTK,G2A-BP-CTK-S1-Brest-034.json,303
G2A,CTK,G2A-BP-CTK-S1-Brest-090.json,292
G2A,CTK,G2A-BP-CTK-S1-Brest-093.json,337
G2A,CTK,G2A-BP-CTK-S1-Brest-096.json,303
G2A,CTK,G2A-BP-CTK-S1-Roscoff-009.json,356
G2A,CTK,G2A-BP-CTK-S1-Roscoff-012.json,321
G2A,CTK,G2A-BP-CTK-S1-Roscoff-013.json,348
G2A,CTK,G2A-BP-CTK-S1-Roscoff-043.json,381
G2A,CTK,G2A-BP-CTK-S1-Roscoff-051.json,349
G2A,CTK,G2A-BP-CTK-S1-Roscoff-059.json,367
G2A,CTK,G2A-BP-CTK-S2-Roscoff-003.json,438
G2A,CTK,G2A-BP-CTK-S2-Roscoff-018.json,383
G2A,CTK,G2A-BP-CTK-S2-Roscoff-021.json,371
G2A,CTK,G2A-BP-CTK-S2-Roscoff-025.json,404
G2A,CTK,G2A-BP-CTK-S3-Roscoff-077.json,384
G2A,CTK,G2A-BP-CTK-S3-Roscoff-091.json,361
G2A,CTK,G2A-BP-CTK-S4-Roscoff-001.json,355
G2A,CTK,G2A-BP-CTK-S4-Roscoff-015.json,386
G2A,CTK,G2A-BP-CTK-S4-Roscoff-026.json,344
G2A,CTK,G2A-BP-CTK-S4-Roscoff-046.json,203
G2A,CTK,G2A-BP-CTK-S4-Roscoff-068.json,359
G2A,CTK,G2A-BP-CTK-S4-Roscoff-074.json,28
G2A,CTK,G2A-BP-CTK-S4-Roscoff-088.json,290
G2A,ELK,G2A-BP-ELK-S1-Roscoff-005.json,445
G2A,ELK,G2A-BP-ELK-S1-Roscoff-060.json,454
G2A,ELK,G2A-BP-ELK-S1-Roscoff-071.json,440
G2A,ELK,G2A-BP-ELK-S1-Roscoff-072.json,458
G2A,ELK,G2A-BP-ELK-S1-Roscoff-077.json,455
G2A,ELK,G2A-BP-ELK-S3-Roscoff-007.json,558
G2A,ELK,G2A-BP-ELK-S3-Roscoff-021.json,520
G2A,ELK,G2A-BP-ELK-S3-Roscoff-085.json,870
G2A,RTK,G2A-BP-RTK-S1-Roscoff-005.json,395
G2A,RTK,G2A-BP-RTK-S1-Roscoff-010.json,422
G2A,RTK,G2A-BP-RTK-S1-Roscoff-025.json,401
G2A,RTK,G2A-BP-RTK-S1-Roscoff-049.json,393
G2A,RTK,G2A-BP-RTK-S1-Roscoff-050.json,327
G2A,RTK,G2A-BP-RTK-S1-Roscoff-052.json,428
G2A,RTK,G2A-BP-RTK-S1-Roscoff-072.json,438
G2A,RTK,G2A-BP-RTK-S2-Roscoff-021.json,432
G2A,RTK,G2A-BP-RTK-S2-Roscoff-063.json,425
G2A,RTK,G2A-BP-RTK-S3-Roscoff-030.json,393
G2A,RTK,G2A-BP-RTK-S3-Roscoff-084.json,405
G2A,RTK,G2A-BP-RTK-S3-Roscoff-095.json,391
G2A,RTK,G2A-BP-RTK-S5-Brest-026.json,297
G2A,RTK,G2A-BP-RTK-S5-Brest-043.json,310
G2A,RTK,G2A-BP-RTK-S5-Brest-074.json,312
G2A,RTK,G2A-BP-RTK-S6-Roscoff-042.json,416
G2A,RTK,G2A-BP-RTK-S6-Roscoff-062.json,415
G2A,RTK,G2A-BP-RTK-S6-Roscoff-071.json,408
G2A,RTK,G2A-BP-RTK-S6-Roscoff-077.json,349
G3,CTK,G3-BP-CTK-P1T1-Unknown-C-0.json,196
G3,CTK,G3-BP-CTK-P1T1-Unknown-C-1.json,201
G3,CTK,G3-BP-CTK-P1T1-Unknown-C-2.json,197
G3,CTK,G3-BP-CTK-P1T1-Unknown-C-3.json,196
G3,CTK,G3-BP-CTK-P1T1-Unknown-C-4.json,198
G3,CTK,G3-BP-CTK-P1T1-Unknown-E1B1-0.json,193
G3,CTK,G3-BP-CTK-P1T1-Unknown-E1B1-1.json,199
G3,CTK,G3-BP-CTK-P1T1-Unknown-E1B1-2.json,159
G3,CTK,G3-BP-CTK-P1T1-Unknown-E1B1-3.json,195
G3,CTK,G3-BP-CTK-P1T1-Unknown-E1B1-4.json,185
G3,CTK,G3-BP-CTK-P1T1-Unknown-E1B2-0.json,194
G3,CTK,G3-BP-CTK-P1T1-Unknown-E1B2-1.json,194
G3,CTK,G3-BP-CTK-P1T1-Unknown-E1B2-2.json,194
G3,CTK,G3-BP-CTK-P1T1-Unknown-E1B2-3.json,194
G3,CTK,G3-BP-CTK-P1T1-Unknown-E1B2-4.json,193
G3,CTK,G3-BP-CTK-P1T1-Unknown-E1B3-0.json,191
G3,CTK,G3-BP-CTK-P1T1-Unknown-E1B3-1.json,183
G3,CTK,G3-BP-CTK-P1T1-Unknown-E1B3-2.json,193
G3,CTK,G3-BP-CTK-P1T1-Unknown-E1B3-3.json,195
G3,CTK,G3-BP-CTK-P1T1-Unknown-E1B3-4.json,185
G3,CTK,G3-BP-CTK-P1T2-Unknown-C-0.json,197
G3,CTK,G3-BP-CTK-P1T2-Unknown-C-1.json,195
G3,CTK,G3-BP-CTK-P1T2-Unknown-C-2.json,191
G3,CTK,G3-BP-CTK-P1T2-Unknown-C-3.json,195
G3,CTK,G3-BP-CTK-P1T2-Unknown-C-4.json,192
G3,CTK,G3-BP-CTK-P1T2-Unknown-E2B1-0.json,200
G3,CTK,G3-BP-CTK-P1T2-Unknown-E2B1-1.json,196
G3,CTK,G3-BP-CTK-P1T2-Unknown-E2B1-2.json,198
G3,CTK,G3-BP-CTK-P1T2-Unknown-E2B1-3.json,195
G3,CTK,G3-BP-CTK-P1T2-Unknown-E2B1-4.json,195
G3,CTK,G3-BP-CTK-P1T2-Unknown-E2B2-0.json,196
G3,CTK,G3-BP-CTK-P1T2-Unknown-E2B2-1.json,198
G3,CTK,G3-BP-CTK-P1T2-Unknown-E2B2-2.json,198
G3,CTK,G3-BP-CTK-P1T2-Unknown-E2B2-3.json,199
G3,CTK,G3-BP-CTK-P1T2-Unknown-E2B2-4.json,197
G3,CTK,G3-BP-CTK-P1T2-Unknown-E2B3-0.json,195
G3,CTK,G3-BP-CTK-P1T2-Unknown-E2B3-1.json,186
G3,CTK,G3-BP-CTK-P1T2-Unknown-E2B3-2.json,198
G3,CTK,G3-BP-CTK-P1T2-Unknown-E2B3-3.json,196
G3,CTK,G3-BP-CTK-P1T2-Unknown-E2B3-4.json,197
G3,CTK,G3-BP-CTK-P1T3-Unknown-C-0.json,193
G3,CTK,G3-BP-CTK-P1T3-Unknown-C-1.json,199
G3,CTK,G3-BP-CTK-P1T3-Unknown-C-2.json,196
G3,CTK,G3-BP-CTK-P1T3-Unknown-C-3.json,197
G3,CTK,G3-BP-CTK-P1T3-Unknown-C-4.json,196
G3,CTK,G3-BP-CTK-P1T3-Unknown-E3B1-0.json,198
G3,CTK,G3-BP-CTK-P1T3-Unknown-E3B1-1.json,197
G3,CTK,G3-BP-CTK-P1T3-Unknown-E3B1-2.json,197
G3,CTK,G3-BP-CTK-P1T3-Unknown-E3B1-3.json,198
G3,CTK,G3-BP-CTK-P1T3-Unknown-E3B1-4.json,198
G3,CTK,G3-BP-CTK-P1T3-Unknown-E3B2-0.json,199
G3,CTK,G3-BP-CTK-P1T3-Unknown-E3B2-1.json,197
G3,CTK,G3-BP-CTK-P1T3-Unknown-E3B2-2.json,194
G3,CTK,G3-BP-CTK-P1T3-Unknown-E3B2-3.json,195
G3,CTK,G3-BP-CTK-P1T3-Unknown-E3B2-4.json,195
G3,CTK,G3-BP-CTK-P1T3-Unknown-E3B3-0.json,196
G3,CTK,G3-BP-CTK-P1T3-Unknown-E3B3-1.json,195
G3,CTK,G3-BP-CTK-P1T3-Unknown-E3B3-2.json,196
G3,CTK,G3-BP-CTK-P1T3-Unknown-E3B3-3.json,194
G3,CTK,G3-BP-CTK-P1T3-Unknown-E3B3-4.json,196
G3,CTK,G3-BP-CTK-P2T1-Unknown-C-0.json,252
G3,CTK,G3-BP-CTK-P2T1-Unknown-C-1.json,251
G3,CTK,G3-BP-CTK-P2T1-Unknown-C-2.json,250
G3,CTK,G3-BP-CTK-P2T1-Unknown-C-3.json,249
G3,CTK,G3-BP-CTK-P2T1-Unknown-C-4.json,254
G3,CTK,G3-BP-CTK-P2T1-Unknown-E1B1-0.json,248
G3,CTK,G3-BP-CTK-P2T1-Unknown-E1B1-1.json,251
G3,CTK,G3-BP-CTK-P2T1-Unknown-E1B1-2.json,249
G3,CTK,G3-BP-CTK-P2T1-Unknown-E1B1-3.json,230
G3,CTK,G3-BP-CTK-P2T1-Unknown-E1B1-4.json,249
G3,CTK,G3-BP-CTK-P2T1-Unknown-E1B2-0.json,249
G3,CTK,G3-BP-CTK-P2T1-Unknown-E1B2-1.json,250
G3,CTK,G3-BP-CTK-P2T1-Unknown-E1B2-2.json,247
G3,CTK,G3-BP-CTK-P2T1-Unknown-E1B2-3.json,248
G3,CTK,G3-BP-CTK-P2T1-Unknown-E1B2-4.json,250
G3,CTK,G3-BP-CTK-P2T1-Unknown-E1B3-0.json,251
G3,CTK,G3-BP-CTK-P2T1-Unknown-E1B3-1.json,248
G3,CTK,G3-BP-CTK-P2T1-Unknown-E1B3-2.json,250
G3,CTK,G3-BP-CTK-P2T1-Unknown-E1B3-3.json,250
G3,CTK,G3-BP-CTK-P2T1-Unknown-E1B3-4.json,250
G3,CTK,G3-BP-CTK-P2T2-Unknown-C-0.json,264
G3,CTK,G3-BP-CTK-P2T2-Unknown-C-1.json,252
G3,CTK,G3-BP-CTK-P2T2-Unknown-C-2.json,255
G3,CTK,G3-BP-CTK-P2T2-Unknown-C-3.json,253
G3,CTK,G3-BP-CTK-P2T2-Unknown-C-4.json,253
G3,CTK,G3-BP-CTK-P2T2-Unknown-E2B1-0.json,253
G3,CTK,G3-BP-CTK-P2T2-Unknown-E2B1-1.json,255
G3,CTK,G3-BP-CTK-P2T2-Unknown-E2B1-2.json,257
G3,CTK,G3-BP-CTK-P2T2-Unknown-E2B1-3.json,255
G3,CTK,G3-BP-CTK-P2T2-Unknown-E2B1-4.json,253
G3,CTK,G3-BP-CTK-P2T2-Unknown-E2B2-0.json,254
G3,CTK,G3-BP-CTK-P2T2-Unknown-E2B2-1.json,255
G3,CTK,G3-BP-CTK-P2T2-Unknown-E2B2-2.json,256
G3,CTK,G3-BP-CTK-P2T2-Unknown-E2B2-3.json,255
G3,CTK,G3-BP-CTK-P2T2-Unknown-E2B2-4.json,255
G3,CTK,G3-BP-CTK-P2T2-Unknown-E2B3-0.json,250
G3,CTK,G3-BP-CTK-P2T2-Unknown-E2B3-1.json,257
G3,CTK,G3-BP-CTK-P2T2-Unknown-E2B3-2.json,254
G3,CTK,G3-BP-CTK-P2T2-Unknown-E2B3-3.json,239
G3,CTK,G3-BP-CTK-P2T2-Unknown-E2B3-4.json,252
G3,CTK,G3-BP-CTK-P2T3-Unknown-C-0.json,256
G3,CTK,G3-BP-CTK-P2T3-Unknown-C-1.json,252
G3,CTK,G3-BP-CTK-P2T3-Unknown-C-2.json,253
G3,CTK,G3-BP-CTK-P2T3-Unknown-C-3.json,256
G3,CTK,G3-BP-CTK-P2T3-Unknown-C-4.json,250
G3,CTK,G3-BP-CTK-P2T3-Unknown-E3B1-0.json,252
G3,CTK,G3-BP-CTK-P2T3-Unknown-E3B1-1.json,256
G3,CTK,G3-BP-CTK-P2T3-Unknown-E3B1-2.json,253
G3,CTK,G3-BP-CTK-P2T3-Unknown-E3B1-3.json,251
G3,CTK,G3-BP-CTK-P2T3-Unknown-E3B1-4.json,254
G3,CTK,G3-BP-CTK-P2T3-Unknown-E3B2-0.json,251
G3,CTK,G3-BP-CTK-P2T3-Unknown-E3B2-1.json,253
G3,CTK,G3-BP-CTK-P2T3-Unknown-E3B2-2.json,254
G3,CTK,G3-BP-CTK-P2T3-Unknown-E3B2-3.json,250
G3,CTK,G3-BP-CTK-P2T3-Unknown-E3B2-4.json,255
G3,CTK,G3-BP-CTK-P2T3-Unknown-E3B3-0.json,91
G3,CTK,G3-BP-CTK-P2T3-Unknown-E3B3-1.json,253
G3,CTK,G3-BP-CTK-P2T3-Unknown-E3B3-2.json,252
G3,CTK,G3-BP-CTK-P2T3-Unknown-E3B3-3.json,258
G3,CTK,G3-BP-CTK-P2T3-Unknown-E3B3-4.json,254
G3,CTK,G3-BP-CTK-P3T1-Unknown-C-0.json,252
G3,CTK,G3-BP-CTK-P3T1-Unknown-C-1.json,250
G3,CTK,G3-BP-CTK-P3T1-Unknown-C-2.json,233
G3,CTK,G3-BP-CTK-P3T1-Unknown-C-3.json,253
G3,CTK,G3-BP-CTK-P3T1-Unknown-C-4.json,253
G3,CTK,G3-BP-CTK-P3T1-Unknown-E1B1-0.json,237
G3,CTK,G3-BP-CTK-P3T1-Unknown-E1B1-1.json,255
G3,CTK,G3-BP-CTK-P3T1-Unknown-E1B1-2.json,253
G3,CTK,G3-BP-CTK-P3T1-Unknown-E1B1-3.json,229
G3,CTK,G3-BP-CTK-P3T1-Unknown-E1B1-4.json,242
G3,CTK,G3-BP-CTK-P3T1-Unknown-E1B2-0.json,245
G3,CTK,G3-BP-CTK-P3T1-Unknown-E1B2-1.json,242
G3,CTK,G3-BP-CTK-P3T1-Unknown-E1B2-2.json,243
G3,CTK,G3-BP-CTK-P3T1-Unknown-E1B2-3.json,249
G3,CTK,G3-BP-CTK-P3T1-Unknown-E1B2-4.json,240
G3,CTK,G3-BP-CTK-P3T1-Unknown-E1B3-0.json,241
G3,CTK,G3-BP-CTK-P3T1-Unknown-E1B3-1.json,239
G3,CTK,G3-BP-CTK-P3T1-Unknown-E1B3-2.json,246
G3,CTK,G3-BP-CTK-P3T1-Unknown-E1B3-3.json,248
G3,CTK,G3-BP-CTK-P3T1-Unknown-E1B3-4.json,250
G3,CTK,G3-BP-CTK-P3T2-Unknown-C-0.json,248
G3,CTK,G3-BP-CTK-P3T2-Unknown-C-1.json,246
G3,CTK,G3-BP-CTK-P3T2-Unknown-C-2.json,255
G3,CTK,G3-BP-CTK-P3T2-Unknown-C-3.json,226
G3,CTK,G3-BP-CTK-P3T2-Unknown-C-4.json,248
G3,CTK,G3-BP-CTK-P3T2-Unknown-E2B1-0.json,238
G3,CTK,G3-BP-CTK-P3T2-Unknown-E2B1-1.json,251
G3,CTK,G3-BP-CTK-P3T2-Unknown-E2B1-2.json,243
G3,CTK,G3-BP-CTK-P3T2-Unknown-E2B1-3.json,247
G3,CTK,G3-BP-CTK-P3T2-Unknown-E2B1-4.json,247
G3,CTK,G3-BP-CTK-P3T2-Unknown-E2B2-0.json,255
G3,CTK,G3-BP-CTK-P3T2-Unknown-E2B2-1.json,231
G3,CTK,G3-BP-CTK-P3T2-Unknown-E2B2-2.json,237
G3,CTK,G3-BP-CTK-P3T2-Unknown-E2B2-3.json,224
G3,CTK,G3-BP-CTK-P3T2-Unknown-E2B2-4.json,240
G3,CTK,G3-BP-CTK-P3T2-Unknown-E2B3-0.json,250
G3,CTK,G3-BP-CTK-P3T2-Unknown-E2B3-1.json,250
G3,CTK,G3-BP-CTK-P3T2-Unknown-E2B3-2.json,252
G3,CTK,G3-BP-CTK-P3T2-Unknown-E2B3-3.json,229
G3,CTK,G3-BP-CTK-P3T2-Unknown-E2B3-4.json,251
G3,CTK,G3-BP-CTK-P3T3-Unknown-C-0.json,255
G3,CTK,G3-BP-CTK-P3T3-Unknown-C-1.json,247
G3,CTK,G3-BP-CTK-P3T3-Unknown-C-2.json,211
G3,CTK,G3-BP-CTK-P3T3-Unknown-C-3.json,225
G3,CTK,G3-BP-CTK-P3T3-Unknown-C-4.json,230
G3,CTK,G3-BP-CTK-P3T3-Unknown-E3B1-0.json,234
G3,CTK,G3-BP-CTK-P3T3-Unknown-E3B1-1.json,234
G3,CTK,G3-BP-CTK-P3T3-Unknown-E3B1-2.json,244
G3,CTK,G3-BP-CTK-P3T3-Unknown-E3B1-3.json,239
G3,CTK,G3-BP-CTK-P3T3-Unknown-E3B1-4.json,245
G3,CTK,G3-BP-CTK-P3T3-Unknown-E3B2-0.json,243
G3,CTK,G3-BP-CTK-P3T3-Unknown-E3B2-1.json,245
G3,CTK,G3-BP-CTK-P3T3-Unknown-E3B2-2.json,239
G3,CTK,G3-BP-CTK-P3T3-Unknown-E3B2-3.json,239
G3,CTK,G3-BP-CTK-P3T3-Unknown-E3B2-4.json,235
G3,CTK,G3-BP-CTK-P3T3-Unknown-E3B3-0.json,241
G3,CTK,G3-BP-CTK-P3T3-Unknown-E3B3-1.json,233
G3,CTK,G3-BP-CTK-P3T3-Unknown-E3B3-2.json,235
G3,CTK,G3-BP-CTK-P3T3-Unknown-E3B3-3.json,232
G3,CTK,G3-BP-CTK-P3T3-Unknown-E3B3-4.json,237
G3,ELK,G3-BP-ELK-P1T1-Unknown-C-0.json,193
G3,ELK,G3-BP-ELK-P1T1-Unknown-C-1.json,184
G3,ELK,G3-BP-ELK-P1T1-Unknown-C-2.json,195
G3,ELK,G3-BP-ELK-P1T1-Unknown-C-3.json,193
G3,ELK,G3-BP-ELK-P1T1-Unknown-C-4.json,194
G3,ELK,G3-BP-ELK-P1T1-Unknown-E1B1-0.json,194
G3,ELK,G3-BP-ELK-P1T1-Unknown-E1B1-1.json,194
G3,ELK,G3-BP-ELK-P1T1-Unknown-E1B1-2.json,192
G3,ELK,G3-BP-ELK-P1T1-Unknown-E1B1-3.json,193
G3,ELK,G3-BP-ELK-P1T1-Unknown-E1B1-4.json,194
G3,ELK,G3-BP-ELK-P1T1-Unknown-E1B2-0.json,194
G3,ELK,G3-BP-ELK-P1T1-Unknown-E1B2-1.json,194
G3,ELK,G3-BP-ELK-P1T1-Unknown-E1B2-2.json,194
G3,ELK,G3-BP-ELK-P1T1-Unknown-E1B2-3.json,194
G3,ELK,G3-BP-ELK-P1T1-Unknown-E1B2-4.json,195
G3,ELK,G3-BP-ELK-P1T1-Unknown-E1B3-0.json,195
G3,ELK,G3-BP-ELK-P1T1-Unknown-E1B3-1.json,196
G3,ELK,G3-BP-ELK-P1T1-Unknown-E1B3-2.json,196
G3,ELK,G3-BP-ELK-P1T1-Unknown-E1B3-3.json,194
G3,ELK,G3-BP-ELK-P1T1-Unknown-E1B3-4.json,192
G3,ELK,G3-BP-ELK-P1T2-Unknown-C-0.json,192
G3,ELK,G3-BP-ELK-P1T2-Unknown-C-1.json,193
G3,ELK,G3-BP-ELK-P1T2-Unknown-C-2.json,195
G3,ELK,G3-BP-ELK-P1T2-Unknown-C-3.json,193
G3,ELK,G3-BP-ELK-P1T2-Unknown-C-4.json,196
G3,ELK,G3-BP-ELK-P1T2-Unknown-E2B1-0.json,194
G3,ELK,G3-BP-ELK-P1T2-Unknown-E2B1-1.json,193
G3,ELK,G3-BP-ELK-P1T2-Unknown-E2B1-2.json,193
G3,ELK,G3-BP-ELK-P1T2-Unknown-E2B1-3.json,193
G3,ELK,G3-BP-ELK-P1T2-Unknown-E2B1-4.json,194
G3,ELK,G3-BP-ELK-P1T2-Unknown-E2B2-0.json,194
G3,ELK,G3-BP-ELK-P1T2-Unknown-E2B2-1.json,192
G3,ELK,G3-BP-ELK-P1T2-Unknown-E2B2-2.json,194
G3,ELK,G3-BP-ELK-P1T2-Unknown-E2B2-3.json,193
G3,ELK,G3-BP-ELK-P1T2-Unknown-E2B2-4.json,193
G3,ELK,G3-BP-ELK-P1T2-Unknown-E2B3-0.json,191
G3,ELK,G3-BP-ELK-P1T2-Unknown-E2B3-1.json,193
G3,ELK,G3-BP-ELK-P1T2-Unknown-E2B3-2.json,192
G3,ELK,G3-BP-ELK-P1T2-Unknown-E2B3-3.json,166
G3,ELK,G3-BP-ELK-P1T2-Unknown-E2B3-4.json,192
G3,ELK,G3-BP-ELK-P1T3-Unknown-C-0.json,192
G3,ELK,G3-BP-ELK-P1T3-Unknown-C-1.json,193
G3,ELK,G3-BP-ELK-P1T3-Unknown-C-2.json,192
G3,ELK,G3-BP-ELK-P1T3-Unknown-C-3.json,193
G3,ELK,G3-BP-ELK-P1T3-Unknown-C-4.json,194
G3,ELK,G3-BP-ELK-P1T3-Unknown-E3B1-0.json,194
G3,ELK,G3-BP-ELK-P1T3-Unknown-E3B1-1.json,192
G3,ELK,G3-BP-ELK-P1T3-Unknown-E3B1-2.json,195
G3,ELK,G3-BP-ELK-P1T3-Unknown-E3B1-3.json,196
G3,ELK,G3-BP-ELK-P1T3-Unknown-E3B1-4.json,192
G3,ELK,G3-BP-ELK-P1T3-Unknown-E3B2-0.json,195
G3,ELK,G3-BP-ELK-P1T3-Unknown-E3B2-1.json,193
G3,ELK,G3-BP-ELK-P1T3-Unknown-E3B2-2.json,193
G3,ELK,G3-BP-ELK-P1T3-Unknown-E3B2-3.json,195
G3,ELK,G3-BP-ELK-P1T3-Unknown-E3B2-4.json,192
G3,ELK,G3-BP-ELK-P1T3-Unknown-E3B3-0.json,196
G3,ELK,G3-BP-ELK-P1T3-Unknown-E3B3-1.json,190
G3,ELK,G3-BP-ELK-P1T3-Unknown-E3B3-2.json,193
G3,ELK,G3-BP-ELK-P1T3-Unknown-E3B3-3.json,181
G3,ELK,G3-BP-ELK-P1T3-Unknown-E3B3-4.json,171
G3,ELK,G3-BP-ELK-P2T1-Unknown-C-0.json,258
G3,ELK,G3-BP-ELK-P2T1-Unknown-C-1.json,258
G3,ELK,G3-BP-ELK-P2T1-Unknown-C-2.json,257
G3,ELK,G3-BP-ELK-P2T1-Unknown-C-3.json,255
G3,ELK,G3-BP-ELK-P2T1-Unknown-C-4.json,253
G3,ELK,G3-BP-ELK-P2T1-Unknown-E1B1-0.json,257
G3,ELK,G3-BP-ELK-P2T1-Unknown-E1B1-1.json,259
G3,ELK,G3-BP-ELK-P2T1-Unknown-E1B1-2.json,256
G3,ELK,G3-BP-ELK-P2T1-Unknown-E1B1-3.json,243
G3,ELK,G3-BP-ELK-P2T1-Unknown-E1B1-4.json,248
G3,ELK,G3-BP-ELK-P2T1-Unknown-E1B2-0.json,247
G3,ELK,G3-BP-ELK-P2T1-Unknown-E1B2-1.json,249
G3,ELK,G3-BP-ELK-P2T1-Unknown-E1B2-2.json,247
G3,ELK,G3-BP-ELK-P2T1-Unknown-E1B2-3.json,249
G3,ELK,G3-BP-ELK-P2T1-Unknown-E1B2-4.json,250
G3,ELK,G3-BP-ELK-P2T1-Unknown-E1B3-0.json,246
G3,ELK,G3-BP-ELK-P2T1-Unknown-E1B3-1.json,249
G3,ELK,G3-BP-ELK-P2T1-Unknown-E1B3-2.json,249
G3,ELK,G3-BP-ELK-P2T1-Unknown-E1B3-3.json,248
G3,ELK,G3-BP-ELK-P2T1-Unknown-E1B3-4.json,248
G3,ELK,G3-BP-ELK-P2T2-Unknown-C-0.json,262
G3,ELK,G3-BP-ELK-P2T2-Unknown-C-1.json,253
G3,ELK,G3-BP-ELK-P2T2-Unknown-C-2.json,255
G3,ELK,G3-BP-ELK-P2T2-Unknown-C-3.json,251
G3,ELK,G3-BP-ELK-P2T2-Unknown-C-4.json,255
G3,ELK,G3-BP-ELK-P2T2-Unknown-E2B1-0.json,252
G3,ELK,G3-BP-ELK-P2T2-Unknown-E2B1-1.json,254
G3,ELK,G3-BP-ELK-P2T2-Unknown-E2B1-2.json,226
G3,ELK,G3-BP-ELK-P2T2-Unknown-E2B1-3.json,244
G3,ELK,G3-BP-ELK-P2T2-Unknown-E2B1-4.json,253
G3,ELK,G3-BP-ELK-P2T2-Unknown-E2B2-0.json,256
G3,ELK,G3-BP-ELK-P2T2-Unknown-E2B2-1.json,255
G3,ELK,G3-BP-ELK-P2T2-Unknown-E2B2-2.json,254
G3,ELK,G3-BP-ELK-P2T2-Unknown-E2B2-3.json,255
G3,ELK,G3-BP-ELK-P2T2-Unknown-E2B2-4.json,252
G3,ELK,G3-BP-ELK-P2T2-Unknown-E2B3-0.json,257
G3,ELK,G3-BP-ELK-P2T2-Unknown-E2B3-1.json,254
G3,ELK,G3-BP-ELK-P2T2-Unknown-E2B3-2.json,253
G3,ELK,G3-BP-ELK-P2T2-Unknown-E2B3-3.json,236
G3,ELK,G3-BP-ELK-P2T2-Unknown-E2B3-4.json,255
G3,ELK,G3-BP-ELK-P2T3-Unknown-C-0.json,255
G3,ELK,G3-BP-ELK-P2T3-Unknown-C-1.json,256
G3,ELK,G3-BP-ELK-P2T3-Unknown-C-2.json,257
G3,ELK,G3-BP-ELK-P2T3-Unknown-C-3.json,254
G3,ELK,G3-BP-ELK-P2T3-Unknown-C-4.json,248
G3,ELK,G3-BP-ELK-P2T3-Unknown-E3B1-0.json,251
G3,ELK,G3-BP-ELK-P2T3-Unknown-E3B1-1.json,245
G3,ELK,G3-BP-ELK-P2T3-Unknown-E3B1-2.json,248
G3,ELK,G3-BP-ELK-P2T3-Unknown-E3B1-3.json,250
G3,ELK,G3-BP-ELK-P2T3-Unknown-E3B1-4.json,248
G3,ELK,G3-BP-ELK-P2T3-Unknown-E3B2-0.json,251
G3,ELK,G3-BP-ELK-P2T3-Unknown-E3B2-1.json,250
G3,ELK,G3-BP-ELK-P2T3-Unknown-E3B2-2.json,236
G3,ELK,G3-BP-ELK-P2T3-Unknown-E3B2-3.json,251
G3,ELK,G3-BP-ELK-P2T3-Unknown-E3B2-4.json,249
G3,ELK,G3-BP-ELK-P2T3-Unknown-E3B3-0.json,241
G3,ELK,G3-BP-ELK-P2T3-Unknown-E3B3-1.json,251
G3,ELK,G3-BP-ELK-P2T3-Unknown-E3B3-2.json,236
G3,ELK,G3-BP-ELK-P2T3-Unknown-E3B3-3.json,250
G3,ELK,G3-BP-ELK-P2T3-Unknown-E3B3-4.json,251
G3,ELK,G3-BP-ELK-P3T1-Unknown-C-0.json,252
G3,ELK,G3-BP-ELK-P3T1-Unknown-C-1.json,242
G3,ELK,G3-BP-ELK-P3T1-Unknown-C-2.json,226
G3,ELK,G3-BP-ELK-P3T1-Unknown-C-3.json,232
G3,ELK,G3-BP-ELK-P3T1-Unknown-C-4.json,236
G3,ELK,G3-BP-ELK-P3T1-Unknown-E1B1-0.json,238
G3,ELK,G3-BP-ELK-P3T1-Unknown-E1B1-1.json,243
G3,ELK,G3-BP-ELK-P3T1-Unknown-E1B1-2.json,245
G3,ELK,G3-BP-ELK-P3T1-Unknown-E1B1-3.json,236
G3,ELK,G3-BP-ELK-P3T1-Unknown-E1B1-4.json,245
G3,ELK,G3-BP-ELK-P3T1-Unknown-E1B2-0.json,243
G3,ELK,G3-BP-ELK-P3T1-Unknown-E1B2-1.json,241
G3,ELK,G3-BP-ELK-P3T1-Unknown-E1B2-2.json,239
G3,ELK,G3-BP-ELK-P3T1-Unknown-E1B2-3.json,237
G3,ELK,G3-BP-ELK-P3T1-Unknown-E1B2-4.json,234
G3,ELK,G3-BP-ELK-P3T1-Unknown-E1B3-0.json,233
G3,ELK,G3-BP-ELK-P3T1-Unknown-E1B3-1.json,229
G3,ELK,G3-BP-ELK-P3T1-Unknown-E1B3-2.json,227
G3,ELK,G3-BP-ELK-P3T1-Unknown-E1B3-3.json,223
G3,ELK,G3-BP-ELK-P3T1-Unknown-E1B3-4.json,220
G3,ELK,G3-BP-ELK-P3T2-Unknown-C-0.json,229
G3,ELK,G3-BP-ELK-P3T2-Unknown-C-1.json,224
G3,ELK,G3-BP-ELK-P3T2-Unknown-C-2.json,222
G3,ELK,G3-BP-ELK-P3T2-Unknown-C-3.json,223
G3,ELK,G3-BP-ELK-P3T2-Unknown-C-4.json,229
G3,ELK,G3-BP-ELK-P3T2-Unknown-E2B1-0.json,227
G3,ELK,G3-BP-ELK-P3T2-Unknown-E2B1-1.json,224
G3,ELK,G3-BP-ELK-P3T2-Unknown-E2B1-2.json,228
G3,ELK,G3-BP-ELK-P3T2-Unknown-E2B1-3.json,224
G3,ELK,G3-BP-ELK-P3T2-Unknown-E2B1-4.json,222
G3,ELK,G3-BP-ELK-P3T2-Unknown-E2B2-0.json,205
G3,ELK,G3-BP-ELK-P3T2-Unknown-E2B2-1.json,220
G3,ELK,G3-BP-ELK-P3T2-Unknown-E2B2-2.json,225
G3,ELK,G3-BP-ELK-P3T2-Unknown-E2B2-3.json,227
G3,ELK,G3-BP-ELK-P3T2-Unknown-E2B2-4.json,232
G3,ELK,G3-BP-ELK-P3T2-Unknown-E2B3-0.json,222
G3,ELK,G3-BP-ELK-P3T2-Unknown-E2B3-1.json,218
G3,ELK,G3-BP-ELK-P3T2-Unknown-E2B3-2.json,218
G3,ELK,G3-BP-ELK-P3T2-Unknown-E2B3-3.json,227
G3,ELK,G3-BP-ELK-P3T2-Unknown-E2B3-4.json,225
G3,ELK,G3-BP-ELK-P3T3-Unknown-C-0.json,230
G3,ELK,G3-BP-ELK-P3T3-Unknown-C-1.json,225
G3,ELK,G3-BP-ELK-P3T3-Unknown-C-2.json,229
G3,ELK,G3-BP-ELK-P3T3-Unknown-C-3.json,227
G3,ELK,G3-BP-ELK-P3T3-Unknown-C-4.json,232
G3,ELK,G3-BP-ELK-P3T3-Unknown-E3B1-0.json,233
G3,ELK,G3-BP-ELK-P3T3-Unknown-E3B1-1.json,230
G3,ELK,G3-BP-ELK-P3T3-Unknown-E3B1-2.json,227
G3,ELK,G3-BP-ELK-P3T3-Unknown-E3B1-3.json,224
G3,ELK,G3-BP-ELK-P3T3-Unknown-E3B1-4.json,232
G3,ELK,G3-BP-ELK-P3T3-Unknown-E3B2-0.json,238
G3,ELK,G3-BP-ELK-P3T3-Unknown-E3B2-1.json,234
G3,ELK,G3-BP-ELK-P3T3-Unknown-E3B2-2.json,231
G3,ELK,G3-BP-ELK-P3T3-Unknown-E3B2-3.json,229
G3,ELK,G3-BP-ELK-P3T3-Unknown-E3B2-4.json,227
G3,ELK,G3-BP-ELK-P3T3-Unknown-E3B3-0.json,220
G3,ELK,G3-BP-ELK-P3T3-Unknown-E3B3-1.json,230
G3,ELK,G3-BP-ELK-P3T3-Unknown-E3B3-2.json,236
G3,ELK,G3-BP-ELK-P3T3-Unknown-E3B3-3.json,233
G3,ELK,G3-BP-ELK-P3T3-Unknown-E3B3-4.json,231
G3,RTK,G3-BP-RTK-P1T1-Unknown-C-0.json,194
G3,RTK,G3-BP-RTK-P1T1-Unknown-C-1.json,193
G3,RTK,G3-BP-RTK-P1T1-Unknown-C-2.json,192
G3,RTK,G3-BP-RTK-P1T1-Unknown-C-3.json,194
G3,RTK,G3-BP-RTK-P1T1-Unknown-C-4.json,193
G3,RTK,G3-BP-RTK-P1T1-Unknown-E1B1-0.json,193
G3,RTK,G3-BP-RTK-P1T1-Unknown-E1B1-1.json,194
G3,RTK,G3-BP-RTK-P1T1-Unknown-E1B1-2.json,195
G3,RTK,G3-BP-RTK-P1T1-Unknown-E1B1-3.json,195
G3,RTK,G3-BP-RTK-P1T1-Unknown-E1B1-4.json,194
G3,RTK,G3-BP-RTK-P1T1-Unknown-E1B2-0.json,197
G3,RTK,G3-BP-RTK-P1T1-Unknown-E1B2-1.json,195
G3,RTK,G3-BP-RTK-P1T1-Unknown-E1B2-2.json,195
G3,RTK,G3-BP-RTK-P1T1-Unknown-E1B2-3.json,194
G3,RTK,G3-BP-RTK-P1T1-Unknown-E1B2-4.json,192
G3,RTK,G3-BP-RTK-P1T1-Unknown-E1B3-0.json,190
G3,RTK,G3-BP-RTK-P1T1-Unknown-E1B3-1.json,194
G3,RTK,G3-BP-RTK-P1T1-Unknown-E1B3-2.json,194
G3,RTK,G3-BP-RTK-P1T1-Unknown-E1B3-3.json,196
G3,RTK,G3-BP-RTK-P1T1-Unknown-E1B3-4.json,193
G3,RTK,G3-BP-RTK-P1T2-Unknown-C-0.json,193
G3,RTK,G3-BP-RTK-P1T2-Unknown-C-1.json,194
G3,RTK,G3-BP-RTK-P1T2-Unknown-C-2.json,194
G3,RTK,G3-BP-RTK-P1T2-Unknown-C-3.json,194
G3,RTK,G3-BP-RTK-P1T2-Unknown-C-4.json,193
G3,RTK,G3-BP-RTK-P1T2-Unknown-E2B1-0.json,194
G3,RTK,G3-BP-RTK-P1T2-Unknown-E2B1-1.json,196
G3,RTK,G3-BP-RTK-P1T2-Unknown-E2B1-2.json,194
G3,RTK,G3-BP-RTK-P1T2-Unknown-E2B1-3.json,193
G3,RTK,G3-BP-RTK-P1T2-Unknown-E2B1-4.json,192
G3,RTK,G3-BP-RTK-P1T2-Unknown-E2B2-0.json,190
G3,RTK,G3-BP-RTK-P1T2-Unknown-E2B2-1.json,192
G3,RTK,G3-BP-RTK-P1T2-Unknown-E2B2-2.json,196
G3,RTK,G3-BP-RTK-P1T2-Unknown-E2B2-3.json,194
G3,RTK,G3-BP-RTK-P1T2-Unknown-E2B2-4.json,194
G3,RTK,G3-BP-RTK-P1T2-Unknown-E2B3-0.json,193
G3,RTK,G3-BP-RTK-P1T2-Unknown-E2B3-1.json,194
G3,RTK,G3-BP-RTK-P1T2-Unknown-E2B3-2.json,195
G3,RTK,G3-BP-RTK-P1T2-Unknown-E2B3-3.json,193
G3,RTK,G3-BP-RTK-P1T2-Unknown-E2B3-4.json,194
G3,RTK,G3-BP-RTK-P1T3-Unknown-C-0.json,196
G3,RTK,G3-BP-RTK-P1T3-Unknown-C-1.json,199
G3,RTK,G3-BP-RTK-P1T3-Unknown-C-2.json,196
G3,RTK,G3-BP-RTK-P1T3-Unknown-C-3.json,194
G3,RTK,G3-BP-RTK-P1T3-Unknown-C-4.json,194
G3,RTK,G3-BP-RTK-P1T3-Unknown-E3B1-0.json,195
G3,RTK,G3-BP-RTK-P1T3-Unknown-E3B1-1.json,194
G3,RTK,G3-BP-RTK-P1T3-Unknown-E3B1-2.json,193
G3,RTK,G3-BP-RTK-P1T3-Unknown-E3B1-3.json,193
G3,RTK,G3-BP-RTK-P1T3-Unknown-E3B1-4.json,194
G3,RTK,G3-BP-RTK-P1T3-Unknown-E3B2-0.json,192
G3,RTK,G3-BP-RTK-P1T3-Unknown-E3B2-1.json,193
G3,RTK,G3-BP-RTK-P1T3-Unknown-E3B2-2.json,194
G3,RTK,G3-BP-RTK-P1T3-Unknown-E3B2-3.json,194
G3,RTK,G3-BP-RTK-P1T3-Unknown-E3B2-4.json,191
G3,RTK,G3-BP-RTK-P1T3-Unknown-E3B3-0.json,194
G3,RTK,G3-BP-RTK-P1T3-Unknown-E3B3-1.json,195
G3,RTK,G3-BP-RTK-P1T3-Unknown-E3B3-2.json,193
G3,RTK,G3-BP-RTK-P1T3-Unknown-E3B3-3.json,195
G3,RTK,G3-BP-RTK-P1T3-Unknown-E3B3-4.json,194
G3,RTK,G3-BP-RTK-P2T1-Unknown-C-0.json,213
G3,RTK,G3-BP-RTK-P2T1-Unknown-C-1.json,213
G3,RTK,G3-BP-RTK-P2T1-Unknown-C-2.json,201
G3,RTK,G3-BP-RTK-P2T1-Unknown-C-3.json,211
G3,RTK,G3-BP-RTK-P2T1-Unknown-C-4.json,210
G3,RTK,G3-BP-RTK-P2T1-Unknown-E1B1-0.json,210
G3,RTK,G3-BP-RTK-P2T1-Unknown-E1B1-1.json,209
G3,RTK,G3-BP-RTK-P2T1-Unknown-E1B1-2.json,211
G3,RTK,G3-BP-RTK-P2T1-Unknown-E1B1-3.json,210
G3,RTK,G3-BP-RTK-P2T1-Unknown-E1B1-4.json,212
G3,RTK,G3-BP-RTK-P2T1-Unknown-E1B2-0.json,211
G3,RTK,G3-BP-RTK-P2T1-Unknown-E1B2-1.json,212
G3,RTK,G3-BP-RTK-P2T1-Unknown-E1B2-2.json,211
G3,RTK,G3-BP-RTK-P2T1-Unknown-E1B2-3.json,212
G3,RTK,G3-BP-RTK-P2T1-Unknown-E1B2-4.json,211
G3,RTK,G3-BP-RTK-P2T1-Unknown-E1B3-0.json,211
G3,RTK,G3-BP-RTK-P2T1-Unknown-E1B3-1.json,211
G3,RTK,G3-BP-RTK-P2T1-Unknown-E1B3-2.json,210
G3,RTK,G3-BP-RTK-P2T1-Unknown-E1B3-3.json,210
G3,RTK,G3-BP-RTK-P2T1-Unknown-E1B3-4.json,211
G3,RTK,G3-BP-RTK-P2T2-Unknown-C-0.json,209
G3,RTK,G3-BP-RTK-P2T2-Unknown-C-1.json,210
G3,RTK,G3-BP-RTK-P2T2-Unknown-C-2.json,211
G3,RTK,G3-BP-RTK-P2T2-Unknown-C-3.json,211
G3,RTK,G3-BP-RTK-P2T2-Unknown-C-4.json,210
G3,RTK,G3-BP-RTK-P2T2-Unknown-E2B1-0.json,211
G3,RTK,G3-BP-RTK-P2T2-Unknown-E2B1-1.json,210
G3,RTK,G3-BP-RTK-P2T2-Unknown-E2B1-2.json,212
G3,RTK,G3-BP-RTK-P2T2-Unknown-E2B1-3.json,212
G3,RTK,G3-BP-RTK-P2T2-Unknown-E2B1-4.json,212
G3,RTK,G3-BP-RTK-P2T2-Unknown-E2B2-0.json,210
G3,RTK,G3-BP-RTK-P2T2-Unknown-E2B2-1.json,208
G3,RTK,G3-BP-RTK-P2T2-Unknown-E2B2-2.json,209
G3,RTK,G3-BP-RTK-P2T2-Unknown-E2B2-3.json,211
G3,RTK,G3-BP-RTK-P2T2-Unknown-E2B2-4.json,210
G3,RTK,G3-BP-RTK-P2T2-Unknown-E2B3-0.json,211
G3,RTK,G3-BP-RTK-P2T2-Unknown-E2B3-1.json,211
G3,RTK,G3-BP-RTK-P2T2-Unknown-E2B3-2.json,212
G3,RTK,G3-BP-RTK-P2T2-Unknown-E2B3-3.json,212
G3,RTK,G3-BP-RTK-P2T2-Unknown-E2B3-4.json,209
G3,RTK,G3-BP-RTK-P2T3-Unknown-C-0.json,212
G3,RTK,G3-BP-RTK-P2T3-Unknown-C-1.json,215
G3,RTK,G3-BP-RTK-P2T3-Unknown-C-2.json,213
G3,RTK,G3-BP-RTK-P2T3-Unknown-C-3.json,213
G3,RTK,G3-BP-RTK-P2T3-Unknown-C-4.json,212
G3,RTK,G3-BP-RTK-P2T3-Unknown-E3B1-0.json,211
G3,RTK,G3-BP-RTK-P2T3-Unknown-E3B1-1.json,209
G3,RTK,G3-BP-RTK-P2T3-Unknown-E3B1-2.json,211
G3,RTK,G3-BP-RTK-P2T3-Unknown-E3B1-3.json,210
G3,RTK,G3-BP-RTK-P2T3-Unknown-E3B1-4.json,212
G3,RTK,G3-BP-RTK-P2T3-Unknown-E3B2-0.json,211
G3,RTK,G3-BP-RTK-P2T3-Unknown-E3B2-1.json,210
G3,RTK,G3-BP-RTK-P2T3-Unknown-E3B2-2.json,211
G3,RTK,G3-BP-RTK-P2T3-Unknown-E3B2-3.json,210
G3,RTK,G3-BP-RTK-P2T3-Unknown-E3B2-4.json,210
G3,RTK,G3-BP-RTK-P2T3-Unknown-E3B3-0.json,211
G3,RTK,G3-BP-RTK-P2T3-Unknown-E3B3-1.json,210
G3,RTK,G3-BP-RTK-P2T3-Unknown-E3B3-2.json,210
G3,RTK,G3-BP-RTK-P2T3-Unknown-E3B3-3.json,210
G3,RTK,G3-BP-RTK-P2T3-Unknown-E3B3-4.json,210
G3,RTK,G3-BP-RTK-P3T1-Unknown-C-0.json,210
G3,RTK,G3-BP-RTK-P3T1-Unknown-C-1.json,209
G3,RTK,G3-BP-RTK-P3T1-Unknown-C-2.json,210
G3,RTK,G3-BP-RTK-P3T1-Unknown-C-3.json,209
G3,RTK,G3-BP-RTK-P3T1-Unknown-C-4.json,211
G3,RTK,G3-BP-RTK-P3T1-Unknown-E1B1-0.json,211
G3,RTK,G3-BP-RTK-P3T1-Unknown-E1B1-1.json,203
G3,RTK,G3-BP-RTK-P3T1-Unknown-E1B1-2.json,211
G3,RTK,G3-BP-RTK-P3T1-Unknown-E1B1-3.json,212
G3,RTK,G3-BP-RTK-P3T1-Unknown-E1B1-4.json,207
G3,RTK,G3-BP-RTK-P3T1-Unknown-E1B2-0.json,208
G3,RTK,G3-BP-RTK-P3T1-Unknown-E1B2-1.json,211
G3,RTK,G3-BP-RTK-P3T1-Unknown-E1B2-2.json,211
G3,RTK,G3-BP-RTK-P3T1-Unknown-E1B2-3.json,210
G3,RTK,G3-BP-RTK-P3T1-Unknown-E1B2-4.json,210
G3,RTK,G3-BP-RTK-P3T1-Unknown-E1B3-0.json,211
G3,RTK,G3-BP-RTK-P3T1-Unknown-E1B3-1.json,209
G3,RTK,G3-BP-RTK-P3T1-Unknown-E1B3-2.json,211
G3,RTK,G3-BP-RTK-P3T1-Unknown-E1B3-3.json,211
G3,RTK,G3-BP-RTK-P3T1-Unknown-E1B3-4.json,211
G3,RTK,G3-BP-RTK-P3T2-Unknown-C-0.json,213
G3,RTK,G3-BP-RTK-P3T2-Unknown-C-1.json,215
G3,RTK,G3-BP-RTK-P3T2-Unknown-C-2.json,214
G3,RTK,G3-BP-RTK-P3T2-Unknown-C-3.json,216
G3,RTK,G3-BP-RTK-P3T2-Unknown-C-4.json,216
G3,RTK,G3-BP-RTK-P3T2-Unknown-E2B1-0.json,214
G3,RTK,G3-BP-RTK-P3T2-Unknown-E2B1-1.json,210
G3,RTK,G3-BP-RTK-P3T2-Unknown-E2B1-2.json,211
G3,RTK,G3-BP-RTK-P3T2-Unknown-E2B1-3.json,214
G3,RTK,G3-BP-RTK-P3T2-Unknown-E2B1-4.json,213
G3,RTK,G3-BP-RTK-P3T2-Unknown-E2B2-0.json,211
G3,RTK,G3-BP-RTK-P3T2-Unknown-E2B2-1.json,211
G3,RTK,G3-BP-RTK-P3T2-Unknown-E2B2-2.json,210
G3,RTK,G3-BP-RTK-P3T2-Unknown-E2B2-3.json,211
G3,RTK,G3-BP-RTK-P3T2-Unknown-E2B2-4.json,208
G3,RTK,G3-BP-RTK-P3T2-Unknown-E2B3-0.json,212
G3,RTK,G3-BP-RTK-P3T2-Unknown-E2B3-1.json,211
G3,RTK,G3-BP-RTK-P3T2-Unknown-E2B3-2.json,211
G3,RTK,G3-BP-RTK-P3T2-Unknown-E2B3-3.json,212
G3,RTK,G3-BP-RTK-P3T2-Unknown-E2B3-4.json,212
G3,RTK,G3-BP-RTK-P3T3-Unknown-C-0.json,210
G3,RTK,G3-BP-RTK-P3T3-Unknown-C-1.json,212
G3,RTK,G3-BP-RTK-P3T3-Unknown-C-2.json,213
G3,RTK,G3-BP-RTK-P3T3-Unknown-C-3.json,213
G3,RTK,G3-BP-RTK-P3T3-Unknown-C-4.json,212
G3,RTK,G3-BP-RTK-P3T3-Unknown-E3B1-0.json,212
G3,RTK,G3-BP-RTK-P3T3-Unknown-E3B1-1.json,212
G3,RTK,G3-BP-RTK-P3T3-Unknown-E3B1-2.json,212
G3,RTK,G3-BP-RTK-P3T3-Unknown-E3B1-3.json,213
G3,RTK,G3-BP-RTK-P3T3-Unknown-E3B1-4.json,213
G3,RTK,G3-BP-RTK-P3T3-Unknown-E3B2-0.json,212
G3,RTK,G3-BP-RTK-P3T3-Unknown-E3B2-1.json,214
G3,RTK,G3-BP-RTK-P3T3-Unknown-E3B2-2.json,212
G3,RTK,G3-BP-RTK-P3T3-Unknown-E3B2-3.json,213
G3,RTK,G3-BP-RTK-P3T3-Unknown-E3B2-4.json,214
G3,RTK,G3-BP-RTK-P3T3-Unknown-E3B3-0.json,211
G3,RTK,G3-BP-RTK-P3T3-Unknown-E3B3-1.json,214
G3,RTK,G3-BP-RTK-P3T3-Unknown-E3B3-2.json,211
G3,RTK,G3-BP-RTK-P3T3-Unknown-E3B3-3.json,214
G3,RTK,G3-BP-RTK-P3T3-Unknown-E3B3-4.json,213
G2B,CTK,G2B-BP-CTK-Brest-000.json,359
G2B,CTK,G2B-BP-CTK-Brest-001.json,350
G2B,CTK,G2B-BP-CTK-Brest-002.json,372
G2B,CTK,G2B-BP-CTK-Brest-022.json,360
G2B,CTK,G2B-BP-CTK-Brest-023.json,282
G2B,CTK,G2B-BP-CTK-Brest-024.json,330
G2B,CTK,G2B-BP-CTK-Brest-025.json,291
G2B,CTK,G2B-BP-CTK-Brest-026.json,296
G2B,CTK,G2B-BP-CTK-Brest-057.json,326
G2B,CTK,G2B-BP-CTK-Roscoff-000.json,429
G2B,CTK,G2B-BP-CTK-Roscoff-001.json,400
G2B,CTK,G2B-BP-CTK-Roscoff-002.json,414
G2B,CTK,G2B-BP-CTK-Roscoff-003.json,362
G2B,CTK,G2B-BP-CTK-Roscoff-004.json,393
G2B,CTK,G2B-BP-CTK-Roscoff-005.json,376
G2B,CTK,G2B-BP-CTK-Roscoff-017.json,429
G2B,CTK,G2B-BP-CTK-Roscoff-018.json,372
G2B,CTK,G2B-BP-CTK-Roscoff-021.json,361
G2B,CTK,G2B-BP-CTK-Roscoff-136.json,1
G2B,CTK,G2B-BP-CTK-Roscoff-137.json,239
G2B,CTK,G2B-BP-CTK-Roscoff-138.json,36
G2B,CTK,G2B-BP-CTK-Roscoff-139.json,31
G2B,CTK,G2B-BP-CTK-Roscoff-140.json,49
G2B,CTK,G2B-BP-CTK-Roscoff-141.json,77
G2B,CTK,G2B-BP-CTK-Roscoff-142.json,329
G2B,CTK,G2B-BP-CTK-Roscoff-143.json,366
G2B,CTK,G2B-BP-CTK-Roscoff-144.json,367
G2B,CTK,G2B-BP-CTK-Roscoff-145.json,690
G2B,CTK,G2B-BP-CTK-Roscoff-148.json,362
G2B,CTK,G2B-BP-CTK-Roscoff-170.json,365
G2B,CTK,G2B-BP-CTK-Roscoff-178.json,427
G2B,CTK,G2B-BP-CTK-Roscoff-179.json,408
G2B,CTK,G2B-BP-CTK-Roscoff-181.json,374
G2B,CTK,G2B-BP-CTK-Roscoff-182.json,494
G2B,CTK,G2B-BP-CTK-Roscoff-183.json,380
G2B,CTK,G2B-BP-CTK-Roscoff-200.json,358
G2B,CTK,G2B-BP-CTK-Roscoff-453.json,374
G2B,CTK,G2B-BP-CTK-Roscoff-454.json,392
G2B,CTK,G2B-BP-CTK-Roscoff-455.json,352
G2B,CTK,G2B-BP-CTK-Roscoff-511.json,378
G2B,CTK,G2B-BP-CTK-Roscoff-513.json,352
G2B,CTK,G2B-BP-CTK-Roscoff-650.json,305
G2B,CTK,G2B-BP-CTK-Roscoff-652.json,336
G2B,CTK,G2B-BP-CTK-Roscoff-653.json,381
G2B,CTK,G2B-BP-CTK-Roscoff-655.json,381
G2B,CTK,G2B-BP-CTK-Roscoff-656.json,404
G2B,CTK,G2B-BP-CTK-Roscoff-658.json,372
G2B,CTK,G2B-BP-CTK-Roscoff-659.json,369
G2B,CTK,G2B-BP-CTK-Roscoff-661.json,363
G2B,CTK,G2B-BP-CTK-Roscoff-662.json,436
G2B,CTK,G2B-BP-CTK-Roscoff-664.json,389
G2B,CTK,G2B-BP-CTK-Roscoff-665.json,427
G2B,CTK,G2B-BP-CTK-Roscoff-667.json,413
G2B,CTK,G2B-BP-CTK-Roscoff-668.json,459
G2B,CTK,G2B-BP-CTK-Roscoff-670.json,436
G2B,CTK,G2B-BP-CTK-Roscoff-671.json,422
G2B,CTK,G2B-BP-CTK-Roscoff-673.json,460
G2B,CTK,G2B-BP-CTK-Roscoff-674.json,449
G2B,ELK,G2B-BP-ELK-Brest-000.json,469
G2B,ELK,G2B-BP-ELK-Brest-001.json,461
G2B,ELK,G2B-BP-ELK-Brest-002.json,471
G2B,ELK,G2B-BP-ELK-Brest-003.json,457
G2B,ELK,G2B-BP-ELK-Brest-004.json,415
G2B,ELK,G2B-BP-ELK-Brest-057.json,396
G2B,ELK,G2B-BP-ELK-Brest-058.json,380
G2B,ELK,G2B-BP-ELK-Brest-059.json,371
G2B,ELK,G2B-BP-ELK-Roscoff-000.json,497
G2B,ELK,G2B-BP-ELK-Roscoff-001.json,478
G2B,ELK,G2B-BP-ELK-Roscoff-002.json,480
G2B,ELK,G2B-BP-ELK-Roscoff-003.json,463
G2B,ELK,G2B-BP-ELK-Roscoff-004.json,297
G2B,ELK,G2B-BP-ELK-Roscoff-005.json,2673
G2B,ELK,G2B-BP-ELK-Roscoff-006.json,576
G2B,ELK,G2B-BP-ELK-Roscoff-007.json,454
G2B,ELK,G2B-BP-ELK-Roscoff-008.json,610
G2B,ELK,G2B-BP-ELK-Roscoff-009.json,498
G2B,ELK,G2B-BP-ELK-Roscoff-010.json,506
G2B,ELK,G2B-BP-ELK-Roscoff-011.json,484
G2B,ELK,G2B-BP-ELK-Roscoff-012.json,482
G2B,ELK,G2B-BP-ELK-Roscoff-013.json,516
G2B,ELK,G2B-BP-ELK-Roscoff-014.json,643
G2B,ELK,G2B-BP-ELK-Roscoff-015.json,526
G2B,ELK,G2B-BP-ELK-Roscoff-016.json,556
G2B,ELK,G2B-BP-ELK-Roscoff-017.json,431
G2B,ELK,G2B-BP-ELK-Roscoff-018.json,428
G2B,ELK,G2B-BP-ELK-Roscoff-130.json,458
G2B,ELK,G2B-BP-ELK-Roscoff-131.json,464
G2B,ELK,G2B-BP-ELK-Roscoff-132.json,285
G2B,ELK,G2B-BP-ELK-Roscoff-133.json,449
G2B,ELK,G2B-BP-ELK-Roscoff-163.json,447
G2B,ELK,G2B-BP-ELK-Roscoff-169.json,452
G2B,ELK,G2B-BP-ELK-Roscoff-429.json,377
G2B,ELK,G2B-BP-ELK-Roscoff-431.json,300
G2B,ELK,G2B-BP-ELK-Roscoff-432.json,370
G2B,ELK,G2B-BP-ELK-Roscoff-433.json,326
G2B,ELK,G2B-BP-ELK-Roscoff-434.json,422
G2B,ELK,G2B-BP-ELK-Roscoff-435.json,441
G2B,ELK,G2B-BP-ELK-Roscoff-526.json,556
G2B,ELK,G2B-BP-ELK-Roscoff-527.json,365
G2B,ELK,G2B-BP-ELK-Roscoff-529.json,463
G2B,ELK,G2B-BP-ELK-Roscoff-530.json,360
G2B,ELK,G2B-BP-ELK-Roscoff-532.json,456
G2B,ELK,G2B-BP-ELK-Roscoff-533.json,510
G2B,ELK,G2B-BP-ELK-Roscoff-535.json,468
G2B,RTK,G2B-BP-RTK-Brest-000.json,395
G2B,RTK,G2B-BP-RTK-Brest-001.json,400
G2B,RTK,G2B-BP-RTK-Brest-002.json,404
G2B,RTK,G2B-BP-RTK-Roscoff-000.json,433
G2B,RTK,G2B-BP-RTK-Roscoff-010.json,444
G2B,RTK,G2B-BP-RTK-Roscoff-141.json,422
G2B,RTK,G2B-BP-RTK-Roscoff-142.json,374
G2B,RTK,G2B-BP-RTK-Roscoff-143.json,0
G2B,RTK,G2B-BP-RTK-Roscoff-144.json,2
G2B,RTK,G2B-BP-RTK-Roscoff-145.json,395
G2B,RTK,G2B-BP-RTK-Roscoff-146.json,426
G2B,RTK,G2B-BP-RTK-Roscoff-147.json,393
G2B,RTK,G2B-BP-RTK-Roscoff-148.json,417
G2B,RTK,G2B-BP-RTK-Roscoff-163.json,402
G2B,RTK,G2B-BP-RTK-Roscoff-164.json,379
G2B,RTK,G2B-BP-RTK-Roscoff-165.json,404
G2B,RTK,G2B-BP-RTK-Roscoff-166.json,443
G2B,RTK,G2B-BP-RTK-Roscoff-167.json,410
G2B,RTK,G2B-BP-RTK-Roscoff-478.json,354
G2B,RTK,G2B-BP-RTK-Roscoff-479.json,384
G2B,RTK,G2B-BP-RTK-Roscoff-480.json,380
G2B,RTK,G2B-BP-RTK-Roscoff-481.json,420
G2B,RTK,G2B-BP-RTK-Roscoff-482.json,403
G2B,RTK,G2B-BP-RTK-Roscoff-483.json,397
G2B,RTK,G2B-BP-RTK-Roscoff-484.json,391
G2B,RTK,G2B-BP-RTK-Roscoff-485.json,391
G2B,RTK,G2B-BP-RTK-Roscoff-486.json,384
G2B,RTK,G2B-BP-RTK-Roscoff-487.json,399
G2B,RTK,G2B-BP-RTK-Roscoff-488.json,264
G2B,RTK,G2B-BP-RTK-Roscoff-489.json,384
G2B,RTK,G2B-BP-RTK-Roscoff-490.json,466
G2B,RTK,G2B-BP-RTK-Roscoff-491.json,379
G2B,RTK,G2B-BP-RTK-Roscoff-492.json,385
G2B,RTK,G2B-BP-RTK-Roscoff-493.json,445
G2B,RTK,G2B-BP-RTK-Roscoff-494.json,422
G2B,RTK,G2B-BP-RTK-Roscoff-648.json,448
G2B,RTK,G2B-BP-RTK-Roscoff-650.json,379
G2B,RTK,G2B-BP-RTK-Roscoff-651.json,404
G2B,RTK,G2B-BP-RTK-Roscoff-653.json,209
G2B,RTK,G2B-BP-RTK-Roscoff-654.json,150
G2B,RTK,G2B-BP-RTK-Roscoff-656.json,481
G2B,RTK,G2B-BP-RTK-Roscoff-657.json,406
G2B,RTK,G2B-BP-RTK-Roscoff-659.json,400
G2B,RTK,G2B-BP-RTK-Roscoff-660.json,399
G2B,RTK,G2B-BP-RTK-Roscoff-662.json,405
